id,"key","filename","content_type","metadata",byte_size,"checksum","created_at"
14,"FhobGhdYDpraBLrK13mXD6ng","伊藤忠製糖上白.png","image/png","{\"identified\":true,\"width\":152,\"height\":200,\"analyzed\":true}",59993,"3cko/zAbpzip0dZL0iAOzA==","2018-12-16 12:13:00"
15,"qcsyVU7qdTkd98beHytaE6DQ","伊藤忠製糖グラニュ.png","image/png","{\"identified\":true,\"width\":151,\"height\":200,\"analyzed\":true}",57662,"HR3y8W1JBRkbaV8uVRqhdQ==","2018-12-16 12:13:56"
16,"dJXpkYWMuknC6pTp6nDigHQR","伊藤忠製糖グラニュ.png","image/png","{\"identified\":true,\"width\":151,\"height\":200,\"analyzed\":true}",57662,"HR3y8W1JBRkbaV8uVRqhdQ==","2018-12-16 12:14:20"
18,"p8QZfRLSfpzHBqepYWKQTgmX","三井製糖グラ.jpg","image/jpeg","{\"identified\":true,\"width\":182,\"height\":236,\"analyzed\":true}",47466,"KsN+4NHfcqSm0UPL5ODtug==","2018-12-17 09:06:19"
20,"w5V51YuynUg25ktTd1qSpLvG","伊藤忠製糖三温.png","image/png","{\"identified\":true,\"width\":152,\"height\":200,\"analyzed\":true}",63389,"OlHb6UGZyU0xh1dJrTp+sw==","2018-12-26 10:12:30"
21,"Am2LbJNT4TXpLRS2RctUbfGT","伊藤忠製糖中双.png","image/png","{\"identified\":true,\"width\":152,\"height\":200,\"analyzed\":true}",71514,"UTgdaKfbNJVO5w30wWGW4g==","2018-12-26 10:12:41"
22,"iWLruMV6AHUScYNTu9teHkKe","伊藤忠製糖きびオリゴ.png","image/png","{\"identified\":true,\"width\":101,\"height\":261,\"analyzed\":true}",49352,"xCHGfQmJw1Gxgr0vOXC0Zw==","2018-12-26 10:13:25"
23,"9fUECcvSD1u3QP14PmQsNyLz","伊藤忠製糖おいしいオリゴ.png","image/png","{\"identified\":true,\"width\":210,\"height\":261,\"analyzed\":true}",62871,"QzOxYG5hc2/RlYUBOIhrSg==","2018-12-26 10:15:57"
25,"7yHzrk37nUCfn2Rz6TsP8fo1","南国育ちの黒砂糖・粉末黒砂糖(加工黒糖).png","image/png","{\"identified\":true,\"width\":230,\"height\":220,\"analyzed\":true}",100075,"nJ1DDkL5NmBIFCLpuDdc3Q==","2018-12-26 10:18:20"
26,"1mycR9iMUEkGtfnp1KxiSTP8","伊藤忠製糖氷砂糖クリスタル.png","image/png","{\"identified\":true,\"width\":142,\"height\":201,\"analyzed\":true}",56748,"b6fwGQb2Wj6gMTsfIjPN1w==","2018-12-26 10:18:34"
27,"w2KXzyd466dtNB3QuJJCND7V","伊藤忠製糖沖縄でとれたきびから作ったお砂糖.png","image/png","{\"identified\":true,\"width\":132,\"height\":201,\"analyzed\":true}",58902,"DzEsyPh0oh4OJnWWi24XlQ==","2018-12-26 10:18:45"
28,"B1CpZudZNW84PRyEge4oFa56","伊藤忠製糖グラニュ.png","image/png","{\"identified\":true,\"width\":151,\"height\":200,\"analyzed\":true}",57662,"HR3y8W1JBRkbaV8uVRqhdQ==","2019-01-02 02:29:20"
29,"hpfDDBUrcdUtytJCa6P6U13C","伊藤忠製糖グラニュ.png","image/png","{\"identified\":true,\"width\":151,\"height\":200,\"analyzed\":true}",57662,"HR3y8W1JBRkbaV8uVRqhdQ==","2019-01-02 02:30:27"
30,"d19e93pUBrb1qDiWcaFbZP6G","伊藤忠製糖宮古島ふんわり.png","image/png","{\"identified\":true,\"width\":130,\"height\":201,\"analyzed\":true}",62299,"Cgl+wJvVOYJzROE/zYyv5Q==","2019-01-02 02:45:01"
31,"r9CvmppwRkK6VyF2SkDTn8zp","三井製糖上白.jpg","image/jpeg","{\"identified\":true,\"width\":182,\"height\":236,\"analyzed\":true}",48359,"LrF5RqZ5zRtXQDyiUdLiMA==","2019-01-02 02:50:50"
32,"ND9qQZgZUgGpLVBifgSEs8JZ","三井製糖グラ.jpg","image/jpeg","{\"identified\":true,\"width\":182,\"height\":236,\"analyzed\":true}",47466,"KsN+4NHfcqSm0UPL5ODtug==","2019-01-02 02:55:57"
33,"1AoxMbc1DLcRM3h5NugnBAkE","三井製糖三温.jpg","image/jpeg","{\"identified\":true,\"width\":182,\"height\":236,\"analyzed\":true}",55312,"MBnCOGtu6lOXNjd58LlF8g==","2019-01-02 03:24:04"
34,"W8No1cqaVKTVXdFRrr2WDFGV","三井製糖三温.jpg","image/jpeg","{\"identified\":true,\"width\":182,\"height\":236,\"analyzed\":true}",55312,"MBnCOGtu6lOXNjd58LlF8g==","2019-01-02 03:24:25"
35,"sujHagWey8Soe75j37dxVWn7","三井製糖白ザラ.jpg","image/jpeg","{\"identified\":true,\"width\":182,\"height\":236,\"analyzed\":true}",49885,"pyYHScAcZ6JYuFy8qELQVg==","2019-01-02 03:24:47"
36,"2qMGZ4cCfLUURNrcPhmbmkYV","三井製糖三温.jpg","image/jpeg","{\"identified\":true,\"width\":182,\"height\":236,\"analyzed\":true}",55312,"MBnCOGtu6lOXNjd58LlF8g==","2019-01-02 03:27:52"
37,"vHuWHpYyWcVVjZnG96mEQAKZ","三井製糖中双.jpg","image/jpeg","{\"identified\":true,\"width\":182,\"height\":236,\"analyzed\":true}",63851,"qmGDHjCsBw2LfonKn85vwg==","2019-01-02 03:35:56"
38,"3Rjb18hSzj6zRA92dUfYXB54","三井製糖白ザラ.jpg","image/jpeg","{\"identified\":true,\"width\":182,\"height\":236,\"analyzed\":true}",49885,"pyYHScAcZ6JYuFy8qELQVg==","2019-01-02 03:44:04"
39,"kGN8zde1SvUWt2i8Lw4TVE4L","三井製糖ホワイト.jpg","image/jpeg","{\"identified\":true,\"width\":182,\"height\":236,\"analyzed\":true}",45468,"rAMHuNoEXU+U8cSOF0nV+Q==","2019-01-02 03:45:53"
40,"gm5R2jjieWSbufMLhUCwd8LA","satoukibito_ph01.jpg","image/jpeg","{\"identified\":true,\"width\":182,\"height\":236,\"analyzed\":true}",56776,"X1c/Gajtvtz6FK7NbIPETw==","2019-01-02 04:07:48"
41,"XGbAL9SmE1o8rMnAKz47k4Yr","okinawanomegumito_ph01.jpg","image/jpeg","{\"identified\":true,\"width\":182,\"height\":236,\"analyzed\":true}",46370,"x1QPWx298Ah9XZUzo0fgIQ==","2019-01-02 04:18:35"
42,"g7bwSu62sbKGEZUWpKvduxM7","yanbaruto_ph01.jpg","image/jpeg","{\"identified\":true,\"width\":182,\"height\":236,\"analyzed\":true}",73097,"89I1tPVd+1W2kJBwsEAkdQ==","2019-01-02 04:21:00"
43,"AqAu9wXa2wVvG5GyUWGh37Pu","funmatsu_yanbaruto_ph01.jpg","image/jpeg","{\"identified\":true,\"width\":182,\"height\":236,\"analyzed\":true}",73145,"ayH7LuXHOQ/oY3l+Xhuxxw==","2019-01-02 04:22:41"
44,"rJnovqSrxbTaHVM9aQpRgNru","honkibiakatou_ph01.jpg","image/jpeg","{\"identified\":true,\"width\":182,\"height\":236,\"analyzed\":true}",25960,"MM5Ils4G2cOrQK7dIQzN8g==","2019-01-02 04:25:36"
46,"3GUvrmuD9AQFMPk1Aww1Vt8j","kurozato_ph01.jpg","image/jpeg","{\"identified\":true,\"width\":182,\"height\":236,\"analyzed\":true}",66652,"I1gkpCf0mjJdjmJsBdtaog==","2019-01-02 04:27:57"
47,"zHgDkpLHWATh3BRCPR9Ug4sM","funmatsu_kurozato_ph01.jpg","image/jpeg","{\"identified\":true,\"width\":182,\"height\":236,\"analyzed\":true}",72979,"tUqLqJkvw5r2V+CLw0vySw==","2019-01-02 05:27:49"
48,"2NfpRvL1UBssae6QCQxdkGcg","stick_8g_ph01.jpg","image/jpeg","{\"identified\":true,\"width\":182,\"height\":236,\"analyzed\":true}",53929,"PBm8S+/22nZmv5OQBCFNiA==","2019-01-02 05:33:54"
49,"hX2Xyxa7iT8TfRv4D6H7RXBt","stick_6g_ph01.jpg","image/jpeg","{\"identified\":true,\"width\":182,\"height\":236,\"analyzed\":true}",54970,"DW+SNHbyyTGMgpeLbtIPvg==","2019-01-02 05:36:42"
50,"mJDFJET9BQCKQooxqj33njRp","stick_5g_ph01.jpg","image/jpeg","{\"identified\":true,\"width\":182,\"height\":236,\"analyzed\":true}",56085,"9ud2wBCfeH33tYaDjnFNMg==","2019-01-02 05:38:29"
51,"kPsTnYXjERobJtkJ9TfgFFvy","stick_4g_ph01.jpg","image/jpeg","{\"identified\":true,\"width\":182,\"height\":236,\"analyzed\":true}",52030,"GmMlobHeH+6t9xYdFG9mnA==","2019-01-02 05:48:35"
52,"WXfBVSvaQKRS2rshgMcBRFcT","stick_3g_ph01.jpg","image/jpeg","{\"identified\":true,\"width\":182,\"height\":236,\"analyzed\":true}",55569,"PlINHJgMR7T4zrrQ337LLA==","2019-01-02 05:50:59"
53,"CBCSG6uk2H3xySFtwYAq2MJD","stick_2g_ph01.jpg","image/jpeg","{\"identified\":true,\"width\":182,\"height\":236,\"analyzed\":true}",48771,"JtwqPzZ25n7Y22lrKxqjhQ==","2019-01-02 06:25:19"
54,"BSpMQficCb5ozMwmsVNZPVXQ","small_grain_ph01.jpg","image/jpeg","{\"identified\":true,\"width\":182,\"height\":236,\"analyzed\":true}",19899,"/LcGBn50EwF1D89rk15Lew==","2019-01-02 06:34:04"
55,"3XbafDZ1ggXdzx7w6a5vHNba","sn_johakuto_ph01.jpg","image/jpeg","{\"identified\":true,\"width\":182,\"height\":236,\"analyzed\":true}",26240,"7AErj4H7qncDnlfaL98RGQ==","2019-01-02 06:43:28"
56,"93HrAup5BqgFciF1DrEJfC2G","sn_sanonto_ph01.jpg","image/jpeg","{\"identified\":true,\"width\":182,\"height\":236,\"analyzed\":true}",24720,"O0oihKrYVbxnzv4W14S4PQ==","2019-01-02 06:47:29"
57,"Tv13goKoVZhQucBLNWgJK1gN","sn_0kcal_ph01.jpg","image/jpeg","{\"identified\":true,\"width\":182,\"height\":236,\"analyzed\":true}",23892,"C1zN7xiu2BfQFBfXejXCnw==","2019-01-02 06:49:49"
58,"UPn1FSJN2u5dhQp3oXFXf4up","sn_sukoshi_ph01.jpg","image/jpeg","{\"identified\":true,\"width\":182,\"height\":236,\"analyzed\":true}",49617,"9YeSmmBHio/DvZNvq+/G0A==","2019-01-02 06:51:08"
59,"6EZytoDyBwFykVJKsKjNaSyq","palachinitto_ph01.jpg","image/jpeg","{\"identified\":true,\"width\":182,\"height\":236,\"analyzed\":true}",55428,"j62hmN7thp9/SrbtTCqMvQ==","2019-01-02 07:01:49"
60,"HKPhXc2nzey733Ltfho7AMHc","kasan_sanonto_ph01.jpg","image/jpeg","{\"identified\":true,\"width\":182,\"height\":236,\"analyzed\":true}",61858,"ScasVyhc+e8kL8BPTc7vNw==","2019-01-02 07:04:12"
61,"FysfSNW6Nd4Cpyj6YquP5UZU","lemon_sugar_ph04 (1).jpg","image/jpeg","{\"identified\":true,\"width\":182,\"height\":236,\"analyzed\":true}",30934,"b8KfXRtwwg0rTBacdAVRsA==","2019-01-02 07:06:30"
62,"m7HLurinrVDLMJMdCqAXEzfH","lemon_sugar_kokusan_ph01.jpg","image/jpeg","{\"identified\":true,\"width\":182,\"height\":236,\"analyzed\":true}",35326,"7stnfUgeXZqC2H3qFARRnA==","2019-01-02 07:10:48"
63,"Q38fH3bd6befWDqanTYG4mzQ","lemon_sugar_suppame_ph01.jpg","image/jpeg","{\"identified\":true,\"width\":182,\"height\":236,\"analyzed\":true}",36450,"MVw9O6W+WohH5FSVWsoMSA==","2019-01-02 07:13:27"
64,"XzjC5ZQ9LDosDmp7yDdp3a4C","rosati_ph01.jpg","image/jpeg","{\"identified\":true,\"width\":182,\"height\":236,\"analyzed\":true}",45271,"dUTNUB7TRuwMd11MMsyEgw==","2019-01-02 07:14:38"
65,"GjUdDsbzSe3wS9FxjfxkesBR","rosati_stick_ph01.jpg","image/jpeg","{\"identified\":true,\"width\":182,\"height\":236,\"analyzed\":true}",51660,"jGEIF3ijCpfcWZHZ0L+XxA==","2019-01-02 07:17:52"
66,"r3Jr7YTxZQ6JHtnCJvdYnc75","rock_ph01.jpg","image/jpeg","{\"identified\":true,\"width\":182,\"height\":236,\"analyzed\":true}",53509,"a/TitxnLwtW0g9vxWGvUWQ==","2019-01-02 07:19:06"
67,"yWTAxBVeFivKHWCRBgW6x3bA","crystal_ph01.jpg","image/jpeg","{\"identified\":true,\"width\":182,\"height\":236,\"analyzed\":true}",56857,"0+c1tEXaNdAlhrsOovp0oA==","2019-01-02 07:21:30"
68,"ZUFPQhHLwpsSSBLiuqKARrEU","powdered_sugar_ph02.jpg","image/jpeg","{\"identified\":true,\"width\":182,\"height\":236,\"analyzed\":true}",57993,"oqIUSh+3KK/QZtmNQ4nbUw==","2019-01-02 07:23:00"
69,"dF1QWMPKbTZDXqxpviKgPhA2","tokeru_sugar_ph02.jpg","image/jpeg","{\"identified\":true,\"width\":182,\"height\":236,\"analyzed\":true}",23334,"n/0fg0bK+BRTVr61OMhJGA==","2019-01-02 07:39:01"
70,"o3BNhwEf28zsLFWdxwGQAzyZ","tesio_ph01.jpg","image/jpeg","{\"identified\":true,\"width\":182,\"height\":236,\"analyzed\":true}",52673,"lsC2fXBmLdz/MCjQC5t0Kg==","2019-01-02 07:41:05"
71,"p6DJPXoJmJi1qykvKqZTBhJE","slowcaloriesugar_ph01.jpg","image/jpeg","{\"identified\":true,\"width\":182,\"height\":212,\"analyzed\":true}",47234,"6FEAG56/4nuIP4IbGrSTZQ==","2019-01-02 07:47:52"
72,"K6DsuX7jy8nuYrVAv8xQst1p","home_d_img01 (1).jpg","image/jpeg","{\"identified\":true,\"width\":218,\"height\":218,\"analyzed\":true}",9490,"Rdv3S4OVrRUvBaHJHljEtg==","2019-01-02 12:35:52"
73,"s7bjufLmZDoVZNpHHPUsnFJ5","home_d_img01_02.jpg","image/jpeg","{\"identified\":true,\"width\":220,\"height\":220,\"analyzed\":true}",43343,"JH8in0ucH+b8m89t5qQkJA==","2019-01-02 12:46:19"
74,"gXsQKVjGDJwEzYhg3wAWv8fi","home_d_img02.jpg","image/jpeg","{\"identified\":true,\"width\":218,\"height\":218,\"analyzed\":true}",10021,"thEOwYDB5p+NNxWGhtMo5w==","2019-01-02 12:47:32"
76,"VNiAqSjNXB6YWUaYJJumjigd","home_d_img02_02.jpg","image/jpeg","{\"identified\":true,\"width\":220,\"height\":220,\"analyzed\":true}",41962,"aaUCCBnxn7PXo8aEYEfxDQ==","2019-01-02 12:53:03"
77,"EhN2f7yodSnHUtpDE7z5pGWN","home_d_img03.jpg","image/jpeg","{\"identified\":true,\"width\":218,\"height\":218,\"analyzed\":true}",9155,"K00Kz57y6kCtsI7jYhzP6g==","2019-01-02 12:56:13"
78,"fPGDQ1ney9GtdeUtXZ9ToDm1","home_d_img04.jpg","image/jpeg","{\"identified\":true,\"width\":218,\"height\":218,\"analyzed\":true}",10761,"zvbqDSxmiOoUREDQyHF6zg==","2019-01-02 13:15:41"
79,"nj7S5GNJd9GAjEhPHeFUr2h5","home_d_img05.jpg","image/jpeg","{\"identified\":true,\"width\":218,\"height\":218,\"analyzed\":true}",10579,"FRlCesmlhkQ741H/I26cxQ==","2019-01-02 13:16:56"
81,"RemjjAdRd1ycxqwi6RV8MD59","home_d_img06.jpg","image/jpeg","{\"identified\":true,\"width\":218,\"height\":218,\"analyzed\":true}",11328,"rb/v1DZ/I8x2J32BrfaGEA==","2019-01-02 13:34:46"
84,"LKvzmW75wsNiqsCQpB791RV7","home_d_img07.jpg","image/jpeg","{\"identified\":true,\"width\":218,\"height\":218,\"analyzed\":true}",20809,"U5aS2CZm8yFSc/mMcM5w8A==","2019-01-02 13:47:08"
85,"vUPkyjop5is99hkGpRd8U1io","home_d_img09.jpg","image/jpeg","{\"identified\":true,\"width\":218,\"height\":218,\"analyzed\":true}",23893,"wchu+kt7lO7RSWg/coWQNg==","2019-01-02 13:49:31"
86,"AkCWLkRACFq8bX7an4mN9h21","pet_d_img05.jpg","image/jpeg","{\"identified\":true,\"width\":218,\"height\":218,\"analyzed\":true}",33423,"JtRiE67gKrDpZDkc48QHNA==","2019-01-02 13:51:52"
87,"HfawXyHLrFeuijGjquNvUqTT","cube_d_img05.jpg","image/jpeg","{\"identified\":true,\"width\":218,\"height\":218,\"analyzed\":true}",28558,"DXPHnijZyXlr6LpM5jOeiw==","2019-01-02 13:53:32"
88,"XahT3Zoj5fwXhwoYzv4DKcpc","home_d_img08.jpg","image/jpeg","{\"identified\":true,\"width\":218,\"height\":218,\"analyzed\":true}",17800,"kGgUv2F2d7+sO0ageLOuaw==","2019-01-02 13:55:34"
89,"Du5K9t5p57ddE9LgdJitJDRS","pet_d_img08.jpg","image/jpeg","{\"identified\":true,\"width\":218,\"height\":218,\"analyzed\":true}",34050,"VIyZf6t8oJivXYG0UMayaA==","2019-01-02 13:56:58"
90,"sUixTBypqsX8tcPJd7BF4ksM","pet_d_img09.jpg","image/jpeg","{\"identified\":true,\"width\":218,\"height\":218,\"analyzed\":true}",11870,"wOwwUCDSVc8QYQzH7NwM9A==","2019-01-02 13:58:10"
91,"eBf5JLRLf987AQ9FE1GGweoe","pet_d_img10.jpg","image/jpeg","{\"identified\":true,\"width\":218,\"height\":218,\"analyzed\":true}",11200,"Y0mQxIP19cMkVY3sTT4ICw==","2019-01-02 13:59:01"
92,"zjwH1g6v2P9g57xCA9Zus746","lowcalorie_d_img01.jpg","image/jpeg","{\"identified\":true,\"width\":218,\"height\":218,\"analyzed\":true}",12749,"KpyBmBViE1DtUv6GbYxZxQ==","2019-01-03 02:05:51"
93,"FxcGfWa5jLap3ub81F2HJhRm","lowcalorie_d_img02.jpg","image/jpeg","{\"identified\":true,\"width\":218,\"height\":218,\"analyzed\":true}",13716,"uET3+fWIZ3h6BTEneQLfFg==","2019-01-03 02:09:12"
94,"UceJTsxzLskFrdnjBdmZFQzH","lowcalorie_d_img03.jpg","image/jpeg","{\"identified\":true,\"width\":218,\"height\":218,\"analyzed\":true}",18668,"rIsgQDOJoU+RZou2hns+gg==","2019-01-03 02:13:08"
95,"c9CX2ZYF9M3wg1T16gc1MNXL","cube_d_img01.jpg","image/jpeg","{\"identified\":true,\"width\":218,\"height\":218,\"analyzed\":true}",10783,"sQ9EvzUqrJavdLsMNahxqA==","2019-01-03 02:16:58"
96,"ZdYX2jeoyT5wN4NJSBjnUMHX","cube_d_img06.jpg","image/jpeg","{\"identified\":true,\"width\":218,\"height\":218,\"analyzed\":true}",10956,"VN2WqO2zj0F8Zpt3evt7cw==","2019-01-03 02:19:02"
97,"2Cppjvh5gDRYh1F1YcCvDMg9","cube_d_img08.jpg","image/jpeg","{\"identified\":true,\"width\":218,\"height\":218,\"analyzed\":true}",14302,"/HbEKKf52tGWpLMpyPfYFQ==","2019-01-03 02:31:37"
98,"mKytAuzKg9FRPuN8CCoiGpjN","cube_d_img09.jpg","image/jpeg","{\"identified\":true,\"width\":218,\"height\":218,\"analyzed\":true}",12542,"RvarWwpA1SsD6gfbck7E3A==","2019-01-03 02:33:09"
99,"NL5AyJwdaitumvi8JhmzhEwP","coffee_d_img01.jpg","image/jpeg","{\"identified\":true,\"width\":218,\"height\":218,\"analyzed\":true}",10157,"6+ODbErdNVbYLZ4n9Ys0SQ==","2019-01-03 02:34:40"
100,"RtMkRccPo3ufFsgcipuA9K4X","coffee_d_img02.jpg","image/jpeg","{\"identified\":true,\"width\":218,\"height\":218,\"analyzed\":true}",9723,"av6aBxWlyVFA/SjPHUWuiA==","2019-01-03 02:36:04"
101,"ofk8p5vRAbmjMEDwFwTpMCNp","coffee_d_img03.jpg","image/jpeg","{\"identified\":true,\"width\":218,\"height\":218,\"analyzed\":true}",13136,"ucy1rhJ8bRANxgBffKCR5Q==","2019-01-03 02:36:51"
102,"2rP7LsVZcS1DFpTuvArYV8ET","syrup_d_img01.jpg","image/jpeg","{\"identified\":true,\"width\":218,\"height\":218,\"analyzed\":true}",26365,"Z8MCNbaUcFvtj/qwE8SA/g==","2019-01-03 02:39:15"
103,"mUHB3Y3PkvVTNgJWpP7sH9Kx","syrup_d_img04.jpg","image/jpeg","{\"identified\":true,\"width\":218,\"height\":218,\"analyzed\":true}",14172,"XlU0bodweQ7a4JiWyOFc5Q==","2019-01-03 02:44:40"
104,"c42Evweq3smUGudJSvxq2hWk","raw_d_img04.jpg","image/jpeg","{\"identified\":true,\"width\":218,\"height\":218,\"analyzed\":true}",11492,"Sga+d+wajRT0hxdUIIKiLA==","2019-01-03 02:48:50"
105,"ARgGqCiUfLnYTtFdVFCrZJmv","raw_d_img09.jpg","image/jpeg","{\"identified\":true,\"width\":218,\"height\":218,\"analyzed\":true}",21589,"+x3XsGLtxjIKC/o58J6h0g==","2019-01-03 02:50:43"
106,"65GjXxg2MaeJquRwjz6GFfvr","raw_d_img10.jpg","image/jpeg","{\"identified\":true,\"width\":218,\"height\":218,\"analyzed\":true}",18279,"Em+AQSshtQH/LT7DivfpXw==","2019-01-03 02:51:53"
107,"tpTe66Q21AVgS5EqQ3xanRwa","raw_d_img11.jpg","image/jpeg","{\"identified\":true,\"width\":218,\"height\":218,\"analyzed\":true}",20961,"htLtswbWGmcLHt+vXR+i5Q==","2019-01-03 02:52:38"
108,"q2zPYvMFLAKwC9qihoYhZbcq","raw_d_img12.jpg","image/jpeg","{\"identified\":true,\"width\":218,\"height\":218,\"analyzed\":true}",21331,"DND9WbheJrnpQvt/khU2/A==","2019-01-03 02:53:28"
109,"g5SdUGfEnxzoufKuf8NGBynT","frost_d_img01.jpg","image/jpeg","{\"identified\":true,\"width\":218,\"height\":218,\"analyzed\":true}",21680,"cIlGnY37P9zM/NKeTk4nhA==","2019-01-03 02:54:31"
110,"PLQVkdramKexv9Fsr1hA8bDN","frost_d_img02.jpg","image/jpeg","{\"identified\":true,\"width\":218,\"height\":218,\"analyzed\":true}",16582,"IckqDtYHSRL62n+llx9cOA==","2019-01-03 02:55:21"
111,"mGVDy1zjYsASdYSmQeMDojRF","frost_d_img03.jpg","image/jpeg","{\"identified\":true,\"width\":218,\"height\":218,\"analyzed\":true}",6683,"r3jjpMmHkQtEP4VFCMgxHQ==","2019-01-03 02:55:54"
112,"eji8PXrjfRW8fykTW4Vx8ChB","powder_d_img01.jpg","image/jpeg","{\"identified\":true,\"width\":218,\"height\":218,\"analyzed\":true}",29281,"SYWjMZztVb5Z/wXcramYCA==","2019-01-03 02:57:17"
113,"7T481PrK5nLkdmQHQB48Agrq","home_d_img08.jpg","image/jpeg","{\"identified\":true,\"width\":218,\"height\":218,\"analyzed\":true}",17800,"kGgUv2F2d7+sO0ageLOuaw==","2019-01-03 04:26:08"
114,"c7jk8m99YVVjtS1E8itvcrFd","powder_d_img03.jpg","image/jpeg","{\"identified\":true,\"width\":218,\"height\":218,\"analyzed\":true}",6013,"lMOYhAPtyyZqSXUTnsx2Dw==","2019-01-03 04:28:15"
115,"hu1d78UWeHF5YV38ummUm6c1","lock_d_img02.jpg","image/jpeg","{\"identified\":true,\"width\":218,\"height\":218,\"analyzed\":true}",16757,"+jK0QJkrK5t7qWkD7fztmQ==","2019-01-03 04:41:39"
116,"6XXGriVmcmS3CEZMnC4hmiZs","lock_d_img01.jpg","image/jpeg","{\"identified\":true,\"width\":218,\"height\":218,\"analyzed\":true}",15690,"tvm8u6SvMsn0lvegz5zmgQ==","2019-01-03 04:42:50"
117,"DZKtBheyvAW7xB12KGPBWhWq","fruit_d_img01.jpg","image/jpeg","{\"identified\":true,\"width\":218,\"height\":218,\"analyzed\":true}",27521,"vkuGHluM97rH1Uji1BMr/Q==","2019-01-03 04:44:17"
118,"SUxNJfKtqjMFE5G4uA1k31f2","business_d_img05.jpg","image/jpeg","{\"identified\":true,\"width\":218,\"height\":218,\"analyzed\":true}",5404,"UGLKLrpLJW4s8p6X4gr5Jg==","2019-01-03 04:46:08"
119,"sRZZc3yzVziHi5pMp6HAerHU","business_d_img08.jpg","image/jpeg","{\"identified\":true,\"width\":218,\"height\":218,\"analyzed\":true}",6997,"69LOgGc/oX3Z7xqz7EVh/A==","2019-01-03 04:46:45"
120,"5wQ7pqbMYGoXKXoshq3WeTHv","origo_d_img03.jpg","image/jpeg","{\"identified\":true,\"width\":220,\"height\":220,\"analyzed\":true}",21986,"m7x08QvfWhV66a/VI4HVng==","2019-01-03 04:47:40"
121,"pPybjADCbaJFHd9qYmH9gNQr","suger_fnS.jpg","image/jpeg","{\"identified\":true,\"width\":1440,\"height\":756,\"analyzed\":true}",80639,"/aG/UJ0dvTBV3c504vMbPg==","2019-01-03 05:17:29"
122,"7Ba8rMGSdEfGCCqceuQEku3Z","suger_fnGM.jpg","image/jpeg","{\"identified\":true,\"width\":1440,\"height\":756,\"analyzed\":true}",83994,"dB3fta5HzLV/+C9zWymbkQ==","2019-01-03 05:20:14"
123,"ZNptChuzfUET6zWyDJrFm3Ro","suger_fnCA.jpg","image/jpeg","{\"identified\":true,\"width\":1440,\"height\":756,\"analyzed\":true}",89288,"5+f//c6dkIflQ3Oatz6uMw==","2019-01-03 05:21:20"
124,"uPFd3VBMzFr1KmqWfacuQ74w","suger_fnB.jpg","image/jpeg","{\"identified\":true,\"width\":1440,\"height\":756,\"analyzed\":true}",97892,"YBm8fdM77dwauj6s8tYEmQ==","2019-01-03 05:22:07"
125,"xoQLh1VvMeoTDcpP2NspbmrW","img_s3-24.jpg","image/jpeg","{\"identified\":true,\"width\":100,\"height\":140,\"analyzed\":true}",4164,"D+p/nLUSySKzmvOhssk4Zw==","2019-01-03 05:47:18"
126,"2CwJ2SN6na5swc9CGtgn3dCb","img_cf6-20.jpg","image/jpeg","{\"identified\":true,\"width\":100,\"height\":140,\"analyzed\":true}",4492,"bKrgSbxbwpBtq9lXO3CKHg==","2019-01-03 05:48:34"
127,"PxXFW9UQFFePxAot48LshuhX","img_ptk.jpg","image/jpeg","{\"identified\":true,\"width\":100,\"height\":140,\"analyzed\":true}",5629,"wMe5ke71t8x8xEBc1KlXsA==","2019-01-03 05:50:25"
128,"BSypWhTo9RcLD2rCp8KkAR2C","img_puk.jpg","image/jpeg","{\"identified\":true,\"width\":100,\"height\":140,\"analyzed\":true}",4866,"Riu+DQCsq5wMpRugiTQy0A==","2019-01-03 05:53:01"
129,"3XEEHo7H3r9B3FkYWiiaYepZ","img_pgk.jpg","image/jpeg","{\"identified\":true,\"width\":100,\"height\":140,\"analyzed\":true}",6083,"CNqxnh5bL6tL7+BilhgPUA==","2019-01-03 05:54:09"
130,"qWBCMuVQ2Kv93cYzzNBhfv6v","img_plk.jpg","image/jpeg","{\"identified\":true,\"width\":100,\"height\":140,\"analyzed\":true}",5032,"kdNNHIZH0PliPbaxXgR3pQ==","2019-01-03 05:55:23"
131,"EzowiZqwpktbXeqqQPBm1iph","img_pzk.jpg","image/jpeg","{\"identified\":true,\"width\":100,\"height\":140,\"analyzed\":true}",4784,"z+sTyFPnh73Wk0avxjY1TA==","2019-01-03 05:56:14"
132,"NMUnFjgwDiBAfgoarBmqxnjy","img_ishi.jpg","image/jpeg","{\"identified\":true,\"width\":95,\"height\":141,\"analyzed\":true}",5714,"Qm3xmS+4rgWlox6E0K/GCA==","2019-01-03 05:57:58"
133,"eirJe5WbBu7HYR8zdtyoWzPP","img_icerock (1).jpg","image/jpeg","{\"identified\":true,\"width\":100,\"height\":140,\"analyzed\":true}",46937,"ww5nIooSJuPgG+FL42vEUQ==","2019-01-03 05:58:54"
134,"NH4sonemFHDVbM2ccqVv6eg2","img_icecrystal.jpg","image/jpeg","{\"identified\":true,\"width\":100,\"height\":135,\"analyzed\":true}",48855,"d4IWu5bMM4UdxC8GXOpvMA==","2019-01-03 06:00:15"
135,"t2fFZdLLeGhCsPCChL2F6WrC","img_coffeesugar.jpg","image/jpeg","{\"identified\":true,\"width\":100,\"height\":173,\"analyzed\":true}",23081,"SVsjRlIccwvLnv+dZ4AQDg==","2019-01-03 06:01:10"
136,"f9CSX1kjNHgTPBJ86MZXpBNU","img_crystalcandysugar.jpg","image/jpeg","{\"identified\":true,\"width\":100,\"height\":140,\"analyzed\":true}",47944,"cBznVRdbwwHXv9dXdmYBbA==","2019-01-03 06:01:39"
137,"qqDjTuh9abbcf6KSkNYvAr4n","img_cookingicesugar.jpg","image/jpeg","{\"identified\":true,\"width\":100,\"height\":140,\"analyzed\":true}",36440,"EWOFV9v+TU/0li3D8Gzxag==","2019-01-03 06:02:09"
138,"Q67ADer7cx56AxkvHbVYNNKG","k01_01_d.jpg","image/jpeg","{\"identified\":true,\"width\":213,\"height\":314,\"analyzed\":true}",47158,"7C5hR3iV3l4Crk18NmM5YA==","2019-01-03 21:27:55"
139,"R4oxKCMskmdmNQdnCNNoem2b","k01_03_d.jpg","image/jpeg","{\"identified\":true,\"width\":213,\"height\":314,\"analyzed\":true}",45322,"Fd+er0PRPSGQnhdtSFuVNg==","2019-01-03 21:28:38"
140,"nD5ri9TuDgDiVAgmAA4ffxiQ","k01_06_d.jpg","image/jpeg","{\"identified\":true,\"width\":213,\"height\":314,\"analyzed\":true}",78879,"13/seFa+MquSA8KBsI24eA==","2019-01-03 22:00:50"
141,"ceQNSVo6nJjdF8yGj964YXZm","k01_07_d.jpg","image/jpeg","{\"identified\":true,\"width\":213,\"height\":314,\"analyzed\":true}",49053,"tTnMOe0uZ0jvElCcRIwy8g==","2019-01-03 22:02:10"
142,"mh2WZX8NKkRhSU9uxdM66jCT","k02_05_d.jpg","image/jpeg","{\"identified\":true,\"width\":213,\"height\":314,\"analyzed\":true}",47823,"LH9Y3rrNMvyYFGdsCG0yFw==","2019-01-03 22:03:14"
143,"xZZoLhaatABzdqddEqx8RKie","k03_01_d.jpg","image/jpeg","{\"identified\":true,\"width\":213,\"height\":314,\"analyzed\":true}",32881,"nhUIpEqR649JRPsbimkhAA==","2019-01-03 22:04:06"
144,"aS7Ug7mDLn7ym1Vnr52W5mLh","k04_01_d.jpg","image/jpeg","{\"identified\":true,\"width\":213,\"height\":314,\"analyzed\":true}",64748,"cB7R7YM/YdjPDR8ab0kCQw==","2019-01-03 22:07:41"
145,"eyaL8XWExAP5JXeYCcpVHNpn","k05_01_d.jpg","image/jpeg","{\"identified\":true,\"width\":213,\"height\":314,\"analyzed\":true}",55733,"XN6gRZt4kJSN+zQJ9+//0Q==","2019-01-03 22:08:35"
146,"D672D8Z8kT1hZJRWPcrZS94Y","k06_04_d.jpg","image/jpeg","{\"identified\":true,\"width\":213,\"height\":314,\"analyzed\":true}",34100,"gugntdcJA+M7G7rJ2M7D6g==","2019-01-03 22:09:52"
147,"kSmaWq4sVybTtM5RrvtsQirn","k06_05_d.jpg","image/jpeg","{\"identified\":true,\"width\":213,\"height\":314,\"analyzed\":true}",58211,"tulX4hm0AF9uDmyL06QrOA==","2019-01-03 22:12:18"
148,"GkDuda5xuD7pANDtLdKFypGr","K10_03_d.jpg","image/jpeg","{\"identified\":true,\"width\":213,\"height\":314,\"analyzed\":true}",82532,"1WC8Kr19P5Qn5IDSSs2ddQ==","2019-01-03 22:13:27"
149,"uEpyzu5eon67PpkLF6NJTHu5","k11_01_d.jpg","image/jpeg","{\"identified\":true,\"width\":213,\"height\":314,\"analyzed\":true}",54482,"y/oDBDxckfMmiWldCSq7GA==","2019-01-03 22:14:48"
150,"QA8q8TfDBidhCoXSMdGSLWTN","k08_01_d.jpg","image/jpeg","{\"identified\":true,\"width\":213,\"height\":314,\"analyzed\":true}",58257,"dRskGxZT2UB4tiQOQ+6ciQ==","2019-01-03 22:15:49"
152,"HSyttqtvwopmJ2SXX9uZ76qJ","k09_01_d.jpg","image/jpeg","{\"identified\":true,\"width\":213,\"height\":314,\"analyzed\":true}",41699,"rZFd7lsO7Ewj7uaoUhZBTA==","2019-01-03 22:17:39"
153,"NxaGkYrVVAywMxx1xYfGzPGc","k09_04_d.jpg","image/jpeg","{\"identified\":true,\"width\":213,\"height\":314,\"analyzed\":true}",37349,"9YYdXlb/yAVOsaOlb9x9kg==","2019-01-03 22:18:20"
154,"feuYZFgrZhvwET1VWCDRc6p4","k09_06_d.jpg","image/jpeg","{\"identified\":true,\"width\":213,\"height\":314,\"analyzed\":true}",68880,"16MJ9L6vBlVZfpFyOS1mHg==","2019-01-03 22:19:22"
155,"TS2acdwxUsxudSDoFWLwSvY7","k13_01_d.jpg","image/jpeg","{\"identified\":true,\"width\":213,\"height\":314,\"analyzed\":true}",69427,"rz10dFAOpiLN5DGPCUBfOg==","2019-01-03 22:25:05"
156,"HekVf9CjwFvdJA8zSAX3acci","k12_01_d.jpg","image/jpeg","{\"identified\":true,\"width\":213,\"height\":314,\"analyzed\":true}",63345,"ek8w4ToT4lGF7cIH5uuZqA==","2019-01-03 22:25:58"
157,"1AUH6RQR4wZoP5ra9GdXePaa","granulated_refined.jpg","image/jpeg","{\"identified\":true,\"width\":200,\"height\":255,\"analyzed\":true}",27463,"oVLl4bIcT/NX4FovX0XA4w==","2019-01-03 22:31:25"
158,"sPdTtoDoRW2QfEcu9jFEDGZi","superfine_refined.jpg","image/jpeg","{\"identified\":true,\"width\":200,\"height\":251,\"analyzed\":true}",26071,"hiZuYtBAOSvBgD/NCf8uAQ==","2019-01-03 22:32:07"
159,"gx3dw3MiJW6uYHnmEsk3YECj","zarame.jpg","image/jpeg","{\"identified\":true,\"width\":200,\"height\":268,\"analyzed\":true}",28832,"GHztu/jiFYGEBMaRLSbAoQ==","2019-01-03 22:32:37"
160,"fvTagCD365Dp8LeJKvXcXzcN","soft_brown.jpg","image/jpeg","{\"identified\":true,\"width\":200,\"height\":262,\"analyzed\":true}",25997,"lGiPtzZybXFLAY8AMoJ6Hw==","2019-01-03 22:35:17"
161,"GYg3Y3BLCiHhCpt2msM944R4","granulated_beet.jpg","image/jpeg","{\"identified\":true,\"width\":200,\"height\":256,\"analyzed\":true}",28359,"8LXN5eFhE00kHbGAN1TK0Q==","2019-01-03 22:37:25"
162,"pHEymanQdxJb6516D42NyFiV","superfine_beet.jpg","image/jpeg","{\"identified\":true,\"width\":200,\"height\":251,\"analyzed\":true}",36239,"7Ica0L7+ytEV+i89JC+udA==","2019-01-03 22:38:46"
163,"MwFjY5V9xiSz1E71JsiAGBio","BPS1.jpg","image/jpeg","{\"identified\":true,\"width\":200,\"height\":116,\"analyzed\":true}",15781,"zK9yiD40Qyv06KCSg9162Q==","2019-01-03 22:39:32"
164,"pcuskHx9XDebe8cL4iQPvBEc","granulated_kateiyou (1).jpg","image/jpeg","{\"identified\":true,\"width\":200,\"height\":150,\"analyzed\":true}",20501,"ajKFsp8mbjGR3oAoffL0bQ==","2019-01-03 22:51:09"
165,"5rDsUYXTnFEffbpq8pEzm4e6","johaku_katei.jpg","image/jpeg","{\"identified\":true,\"width\":200,\"height\":150,\"analyzed\":true}",18828,"SyyaNXp7enLsr+QL+OyB2Q==","2019-01-03 22:51:57"
166,"KMwPHKzBCEs5qfUoJWgpZFC2","sanon_katei.jpg","image/jpeg","{\"identified\":true,\"width\":200,\"height\":150,\"analyzed\":true}",18876,"c/5Oe+H8QQNZeg+RcjjElA==","2019-01-03 22:53:07"
167,"J8cK5wvUVm3oxCxRqB2QpZw8","zarame_katei.jpg","image/jpeg","{\"identified\":true,\"width\":200,\"height\":150,\"analyzed\":true}",20542,"gQRQzjdhXl1vagKoyhPtRg==","2019-01-03 22:53:53"
168,"Y65whUJCYw5DNCHBCDpUJBrw","p01a.jpg","image/jpeg","{\"identified\":true,\"width\":300,\"height\":300,\"analyzed\":true}",11483,"rDN0heDuxmZwCuOkydh3HQ==","2019-01-04 03:30:03"
169,"6hnNaTbtmtMERe6qUeqdhS3N","p02a.jpg","image/jpeg","{\"identified\":true,\"width\":300,\"height\":300,\"analyzed\":true}",11212,"yjfMS8a84ifx6RBMuwkKsg==","2019-01-04 03:31:44"
170,"XAwBaZFE8wDuGzTjsD38mEFe","p05a.jpg","image/jpeg","{\"identified\":true,\"width\":300,\"height\":300,\"analyzed\":true}",14232,"x0+cVUDklLaZVL/IG1meDw==","2019-01-04 03:33:44"
171,"iLLY6bo4rNxuUbEV8meLEvfX","p06a.jpg","image/jpeg","{\"identified\":true,\"width\":300,\"height\":300,\"analyzed\":true}",14620,"LokDSmErjgJE0FemHPxpXg==","2019-01-04 03:34:48"
172,"LxJwyDhqFRLFqCeyYAsWXvUn","p07a.jpg","image/jpeg","{\"identified\":true,\"width\":300,\"height\":300,\"analyzed\":true}",12839,"60Z1gBVG4iVB9h2V0MlwNg==","2019-01-04 03:36:31"
173,"GJqAxByi4RKGdpt6XAnEg21B","p08a.jpg","image/jpeg","{\"identified\":true,\"width\":300,\"height\":300,\"analyzed\":true}",13028,"oxYeDisBJH7y63kWdFQIrw==","2019-01-04 03:40:45"
174,"ajvLvvszfshXSBxZ9zUnG52d","p10b.jpg","image/jpeg","{\"identified\":true,\"width\":300,\"height\":300,\"analyzed\":true}",9474,"6JpeevOrh4zLeixDIdUoRQ==","2019-01-04 03:41:55"
177,"oXeXskVZDrwLN2TdA9avd8DJ","p10b.jpg","image/jpeg","{\"identified\":true,\"width\":300,\"height\":300,\"analyzed\":true}",9474,"6JpeevOrh4zLeixDIdUoRQ==","2019-01-04 03:51:40"
178,"z9vS1Pc41X4pLNnjCjSr3KUG","p11a.jpg","image/jpeg","{\"identified\":true,\"width\":300,\"height\":300,\"analyzed\":true}",12793,"9QBYwbiPJDUGEsKu57ukyQ==","2019-01-04 03:52:30"
179,"iavr6xsynjXN82HcF8QTx8u7","p13a.jpg","image/jpeg","{\"identified\":true,\"width\":300,\"height\":300,\"analyzed\":true}",16417,"CpgwbyZDB0zMz4xQi+dcqQ==","2019-01-04 03:53:29"
180,"fXUA7AyduXyvdfQMqxfbGfcz","p14a.jpg","image/jpeg","{\"identified\":true,\"width\":300,\"height\":300,\"analyzed\":true}",12264,"WT+OY2WYxBmi/RzfqqYPhA==","2019-01-04 03:54:42"
181,"yc5Lgy1wR2DCZjv7HwFCVuRv","p15a.jpg","image/jpeg","{\"identified\":true,\"width\":300,\"height\":300,\"analyzed\":true}",14437,"z6GPpiQUCvYITktPPnzgNA==","2019-01-04 03:56:19"
182,"W1cgnTMe99xhGAAN2WseA338","p16a.jpg","image/jpeg","{\"identified\":true,\"width\":300,\"height\":300,\"analyzed\":true}",14213,"dBf4mTcCy3DOIoOWOTuE0g==","2019-01-04 03:57:14"
183,"aVeceKGLGK2VaZLSJJUZf2Hf","P1040024.jpg","image/jpeg","{\"identified\":true,\"width\":595,\"height\":595,\"analyzed\":true}",93097,"r1TW7F/n1DeBDCekwQ0WmA==","2019-01-04 03:59:03"
